{
  "agent": {
    "tp": 20,
    "fp": 64,
    "fn": 6,
    "precision": 0.23809523809523808,
    "recall": 0.7692307692307693,
    "f1": 0.36363636363636365
  },
  "codeql": {
    "tp": 3,
    "fp": 31,
    "fn": 23,
    "precision": 0.08823529411764706,
    "recall": 0.11538461538461539,
    "f1": 0.10000000000000002
  }
}