{
  "agent": {
    "tp": 20,
    "fp": 58,
    "fn": 6,
    "precision": 0.2564102564102564,
    "recall": 0.7692307692307693,
    "f1": 0.38461538461538464
  },
  "codeql": {
    "tp": 0,
    "fp": 0,
    "fn": 26,
    "precision": 0.0,
    "recall": 0.0,
    "f1": 0.0
  }
}